1,546,3,10,No,5754517,6557 Duke Parkway,95,Apartamento
2,419,4,1,Otro,8459967,3364 Monument Parkway,113,Casa
3,465,3,2,Solo cama,7677951,94 Schurz Drive,60,Apartamento
4,544,4,2,Cama - Closet,8935348,050 Talmadge Alley,4,Habitación
5,452,4,2,Cama - Closet - escritorio,5871836,50191 David Junction,99,Habitación
6,159,3,1,Cama - Closet - escritorio,5299226,57284 Petterle Drive,52,Apartamento
7,209,3,1,Solo cama,3657877,05773 Hintze Lane,42,Apartamento
8,88,2,6,Otro,8283182,215 Summerview Parkway,10,Casa
9,338,3,8,No,745360,37759 Reindahl Drive,22,Casa
10,326,4,5,Cama - Closet - escritorio,4751853,5 Acker Court,43,Habitación
11,168,3,3,Otro,4513358,1 Monument Parkway,105,Apartaestudio
12,134,2,6,No,5061500,35 Luster Alley,12,Apartamento
13,960,2,9,No,579233,8716 Pankratz Drive,29,Casa
14,281,2,2,Cama - Closet,6013507,5 5th Road,52,Casa
15,792,2,4,Cama - Closet,9033054,00335 Basil Plaza,28,Apartaestudio
16,592,3,2,Solo cama,6617025,3203 Maple Wood Avenue,33,Casa
17,948,2,3,No,115532,27 Heffernan Pass,95,Apartamento
18,970,4,9,Otro,7265272,1 Erie Drive,109,Apartaestudio
19,99,4,7,Cama - Closet,2862546,51 Golf View Crossing,102,Casa
20,477,2,10,No,3997407,7381 Coolidge Parkway,55,Casa
21,178,3,6,Solo cama,8605388,657 Gina Court,102,Apartamento
22,415,2,8,Cama - Closet - escritorio,6302136,81 Fulton Court,10,Casa
23,712,1,9,Solo cama,651640,8534 Melby Crossing,45,Casa
24,673,2,7,Cama - Closet,8181232,81603 Cordelia Point,53,Casa
25,166,4,10,Cama - Closet - escritorio,446754,6 Mosinee Plaza,18,Apartaestudio
26,924,3,7,Otro,7299389,2 Warner Center,10,Casa
27,296,2,2,Solo cama,5377541,95880 Ryan Center,71,Apartamento
28,867,2,5,Solo cama,881307,8 Stang Street,107,Casa
29,792,4,10,Cama - Closet - escritorio,841738,11 Dovetail Plaza,42,Apartaestudio
30,935,1,3,Solo cama,2873736,503 High Crossing Alley,106,Apartamento
31,222,4,8,Otro,5886650,16 Mesta Junction,42,Habitación
32,384,4,10,Otro,6044960,92004 Pennsylvania Park,90,Apartamento
33,313,2,5,Cama - Closet,2611239,2621 Pennsylvania Center,54,Apartaestudio
34,49,3,1,No,9620829,6 Johnson Trail,22,Apartamento
35,374,4,10,No,4051216,694 Maple Alley,5,Habitación
36,655,2,6,Solo cama,1212750,80 Mariners Cove Parkway,48,Casa
37,423,2,7,Cama - Closet - escritorio,3891027,51 Little Fleur Way,76,Apartaestudio
38,341,2,6,No,325850,14056 Blaine Way,9,Apartamento
39,557,4,6,Cama - Closet - escritorio,676475,4 Hoard Pass,1,Habitación
40,96,4,8,Solo cama,4266357,248 Ohio Point,64,Habitación
41,214,4,5,Cama - Closet,8357203,0648 Buena Vista Alley,62,Casa
42,514,3,2,Cama - Closet,1833948,3379 Eliot Street,48,Apartamento
43,91,3,3,Cama - Closet - escritorio,1768103,930 Dorton Pass,110,Apartamento
44,29,3,3,Cama - Closet,4665627,75 Bellgrove Court,80,Apartaestudio
45,748,3,2,No,9398509,8 Westridge Place,63,Apartamento
46,843,3,7,Otro,1060376,543 Weeping Birch Hill,112,Habitación
47,817,1,10,Cama - Closet,4865540,744 Carberry Drive,22,Habitación
48,804,4,5,Cama - Closet - escritorio,426290,271 Carey Way,69,Casa
49,118,1,5,Cama - Closet,1762746,62495 Kinsman Parkway,24,Casa
50,842,2,2,Cama - Closet,5663568,191 Kinsman Point,78,Apartaestudio
51,590,2,6,Otro,894706,302 Morrow Pass,33,Apartaestudio
52,950,3,7,Cama - Closet,8563094,9 Packers Drive,31,Apartaestudio
53,253,4,2,Otro,6170209,34378 Dawn Road,78,Habitación
54,888,1,1,Cama - Closet - escritorio,4135651,0 Nancy Crossing,31,Casa
55,812,4,3,No,8580691,53086 Village Green Hill,115,Apartamento
56,904,3,4,No,9664291,9095 Bellgrove Drive,101,Apartamento
57,721,1,1,No,4974242,5579 Manitowish Plaza,63,Casa
58,967,2,3,Cama - Closet,2165988,11895 Larry Terrace,22,Apartamento
59,231,3,3,Cama - Closet - escritorio,2081712,44 Pond Avenue,91,Apartaestudio
60,606,4,5,Cama - Closet - escritorio,6156997,9 Manley Circle,70,Apartaestudio
61,687,4,9,Cama - Closet - escritorio,9723837,9221 Mayer Junction,38,Apartamento
62,114,1,2,Cama - Closet,4793628,2 Continental Pass,68,Habitación
63,482,3,7,Cama - Closet,6745377,9384 Oak Street,117,Apartamento
64,705,3,6,Otro,9575956,107 Lien Circle,49,Casa
65,868,3,4,Cama - Closet,6696370,2947 Arrowood Avenue,14,Apartamento
66,963,3,5,No,1962940,5 Arrowood Road,104,Casa
67,694,1,7,Solo cama,6604311,1239 Menomonie Park,18,Habitación
68,579,3,2,Otro,8255656,737 Nevada Park,68,Casa
69,895,2,7,No,1360338,520 Victoria Terrace,74,Casa
70,564,1,3,Otro,3988284,1 Petterle Avenue,29,Casa
71,818,2,10,Solo cama,3070670,93 Division Pass,117,Habitación
72,947,2,8,No,5043896,469 Claremont Plaza,54,Apartamento
73,714,1,2,Cama - Closet - escritorio,7901103,5 Monica Terrace,97,Apartaestudio
74,452,2,10,No,6651870,25 Derek Hill,70,Casa
75,446,3,4,No,4117894,8 Sugar Junction,60,Apartaestudio
76,89,3,6,No,9667800,12 Packers Center,102,Apartaestudio
77,356,2,3,Cama - Closet,4508558,2 Main Court,6,Apartaestudio
78,225,4,10,Otro,8566325,396 Kennedy Alley,72,Apartaestudio
79,712,1,9,Otro,5323728,50 Emmet Trail,82,Apartaestudio
80,197,4,1,Solo cama,5338427,27981 Grim Street,80,Apartaestudio
81,719,3,7,Solo cama,2314585,49 Steensland Hill,78,Habitación
82,612,3,3,No,5383849,3 Briar Crest Circle,8,Apartamento
83,77,1,8,No,2901799,17 Scofield Pass,117,Apartamento
84,873,1,2,Cama - Closet - escritorio,1897475,004 Bartillon Parkway,115,Apartamento
85,522,2,4,Otro,7127089,17 Dottie Drive,3,Habitación
86,806,4,8,Otro,1315141,462 Donald Crossing,116,Apartaestudio
87,394,3,9,No,2848732,05 Sugar Parkway,98,Apartamento
88,459,4,9,Otro,4939287,00 Paget Place,14,Habitación
89,81,4,6,No,4577658,8 Longview Pass,4,Casa
90,705,4,7,Otro,6129879,56 Little Fleur Street,28,Casa
91,66,2,5,Cama - Closet - escritorio,2101639,8 Wayridge Court,77,Apartaestudio
92,7,2,1,Solo cama,3771165,83845 Hermina Alley,8,Habitación
93,465,1,10,Solo cama,9867314,9233 Saint Paul Parkway,16,Casa
94,641,2,1,Solo cama,3419794,1 Lakewood Gardens Pass,56,Apartamento
95,367,2,9,Cama - Closet - escritorio,840111,70 Bayside Way,83,Apartamento
96,109,1,5,No,1360014,93079 High Crossing Pass,72,Apartamento
97,723,2,7,Cama - Closet - escritorio,9360928,38986 Magdeline Center,5,Habitación
98,948,1,10,Cama - Closet,8564549,358 Melrose Plaza,117,Apartaestudio
99,97,3,1,Cama - Closet - escritorio,1499115,523 Sunfield Junction,17,Apartaestudio
100,568,4,1,No,8707959,68 Springs Plaza,117,Habitación
101,937,4,4,No,3839902,17 Rockefeller Road,62,Apartamento
102,523,3,1,No,9002014,9787 Annamark Point,80,Apartamento
103,232,3,6,Cama - Closet,6938764,9974 Johnson Point,50,Apartaestudio
104,654,2,1,Otro,8544261,7050 Corscot Terrace,53,Casa
105,214,3,10,No,7471790,41009 Carberry Place,50,Apartaestudio
106,896,3,5,Solo cama,8645524,3 Del Sol Park,59,Apartaestudio
107,579,4,4,Cama - Closet - escritorio,986462,36 Center Way,114,Casa
108,655,4,1,Cama - Closet,8683307,81355 Meadow Valley Center,52,Apartaestudio
109,472,1,1,No,5529724,5593 Granby Drive,107,Casa
110,447,2,2,Otro,3941863,82911 Troy Trail,24,Apartamento
111,30,1,6,Cama - Closet - escritorio,6852942,77 Bartelt Lane,72,Apartamento
112,625,4,7,Cama - Closet,6384542,8778 Myrtle Parkway,110,Apartamento
113,229,3,8,No,6847959,97024 Burrows Avenue,10,Habitación
114,279,3,1,Cama - Closet - escritorio,7048791,18949 Loftsgordon Place,37,Habitación
115,180,2,9,Cama - Closet,7470391,7144 Little Fleur Park,59,Casa
116,702,2,6,Cama - Closet,1344544,274 Manley Court,60,Casa
117,558,1,5,Cama - Closet - escritorio,915895,44 Acker Point,11,Habitación
118,279,3,7,Solo cama,7763183,0 Melvin Junction,93,Apartamento
119,305,3,7,Solo cama,3647898,51 Namekagon Drive,13,Apartaestudio
120,442,1,6,Solo cama,885201,9576 Dapin Road,65,Habitación
121,384,4,6,Cama - Closet,2560411,4 Fuller Plaza,8,Apartaestudio
122,11,3,2,Cama - Closet - escritorio,6450891,0 Tomscot Pass,31,Casa
123,72,4,4,Cama - Closet - escritorio,3689655,79086 Heath Lane,2,Apartamento
124,123,4,8,Cama - Closet,8850763,07434 Mifflin Alley,95,Apartamento
125,58,1,4,Otro,3771804,5487 Merrick Alley,74,Habitación
126,654,2,10,Otro,4763937,0 Muir Avenue,7,Habitación
127,665,1,8,Otro,3803839,631 Northland Circle,91,Casa
128,327,3,10,No,7870262,4 Sage Circle,119,Casa
129,338,3,4,Otro,2501845,4390 Dakota Way,25,Habitación
130,138,3,3,Solo cama,6067360,31260 Towne Road,14,Apartamento
131,459,1,3,Cama - Closet,513666,782 Stang Way,53,Casa
132,879,2,4,Solo cama,8989955,3654 Mockingbird Center,51,Casa
133,220,1,8,Solo cama,4065477,755 1st Crossing,4,Apartaestudio
134,996,1,7,No,5274166,34291 Golf Course Hill,82,Apartamento
135,713,4,8,Cama - Closet - escritorio,5978081,02033 American Ash Center,66,Casa
136,301,1,9,Otro,244789,027 Morningstar Point,120,Casa
137,508,2,5,Solo cama,800880,70184 Lunder Place,92,Apartaestudio
138,635,3,9,Cama - Closet,2663441,38956 Little Fleur Terrace,51,Apartaestudio
139,317,3,8,Solo cama,9395307,29353 Carpenter Avenue,96,Casa
140,556,1,10,Solo cama,8592793,16 Arrowood Junction,35,Apartaestudio
141,399,2,7,Cama - Closet,8743582,76 Gulseth Point,60,Habitación
142,353,3,9,Cama - Closet,5725432,962 Clyde Gallagher Lane,117,Apartamento
143,872,3,6,Cama - Closet - escritorio,8676275,569 Sherman Parkway,53,Apartaestudio
144,369,3,4,No,5364679,193 Knutson Pass,105,Casa
145,739,4,8,Solo cama,7491427,774 Kedzie Crossing,106,Apartaestudio
146,296,1,10,Solo cama,4164352,63 Hazelcrest Trail,98,Apartamento
147,310,3,5,No,1626630,193 Melvin Road,93,Apartaestudio
148,553,3,8,Cama - Closet,8424898,8 Vahlen Trail,55,Apartaestudio
149,892,1,1,Solo cama,5135541,2 Bunting Junction,103,Apartamento
150,700,4,9,Cama - Closet - escritorio,333685,0 Marquette Road,69,Habitación
151,49,2,6,Cama - Closet,4071486,7 Killdeer Drive,66,Apartamento
152,857,1,5,No,7619825,040 Aberg Circle,116,Habitación
153,787,1,5,Otro,4413237,5149 Harbort Circle,90,Apartaestudio
154,723,2,5,No,6452180,836 Sunfield Way,73,Apartaestudio
155,502,4,5,Otro,1862643,2 4th Parkway,12,Apartaestudio
156,804,1,10,Otro,1765077,5474 Buena Vista Circle,92,Casa
157,899,4,1,Otro,6937868,2665 Clyde Gallagher Circle,76,Habitación
158,353,3,5,Cama - Closet - escritorio,7118586,10155 Hollow Ridge Circle,62,Casa
159,558,1,5,No,933605,437 Hermina Junction,9,Habitación
160,26,1,9,Cama - Closet - escritorio,3016826,5 Laurel Terrace,109,Casa
161,759,4,9,Cama - Closet - escritorio,616070,0 Bluejay Avenue,22,Habitación
162,457,1,10,Cama - Closet - escritorio,1775271,114 Bashford Plaza,119,Apartamento
163,305,3,3,Cama - Closet,576071,00383 Donald Trail,40,Casa
164,582,2,2,Otro,2292398,081 Ruskin Junction,114,Casa
165,631,4,2,Otro,3475617,29542 Lindbergh Park,42,Casa
166,562,3,1,Otro,3198563,2963 7th Parkway,56,Habitación
167,732,3,8,Otro,5520968,2 Glacier Hill Court,9,Apartaestudio
168,324,1,2,Cama - Closet,4454541,850 Mosinee Lane,22,Casa
169,486,3,4,Solo cama,7563677,3231 Paget Hill,25,Apartaestudio
170,814,3,5,Solo cama,845005,631 Del Mar Alley,70,Apartamento
171,209,4,10,Cama - Closet - escritorio,4122951,801 Donald Park,66,Habitación
172,897,4,9,Otro,3055774,205 Dennis Junction,55,Apartamento
173,201,3,9,No,5914792,36738 Londonderry Hill,6,Casa
174,642,2,1,Cama - Closet,5402243,8557 Spenser Trail,38,Casa
175,702,3,9,Cama - Closet,7975197,72 Ohio Road,28,Apartamento
176,896,2,8,Cama - Closet - escritorio,3661543,41 Erie Court,23,Casa
177,332,1,9,Solo cama,8603600,4677 Waubesa Terrace,32,Apartaestudio
178,381,4,3,Cama - Closet - escritorio,8334704,5 Pawling Park,16,Habitación
179,465,3,5,Cama - Closet - escritorio,6010910,37933 Brentwood Crossing,83,Habitación
180,153,3,3,No,8836383,26445 Di Loreto Drive,98,Apartamento
181,398,3,3,Cama - Closet - escritorio,6538189,6405 Pleasure Street,54,Casa
182,626,4,6,Otro,4887360,45 Melrose Center,61,Casa
183,75,4,3,Solo cama,8850912,81 Moose Parkway,11,Apartaestudio
184,375,2,9,No,1165642,890 4th Court,92,Casa
185,685,4,9,Cama - Closet - escritorio,2998813,535 Old Shore Pass,90,Apartamento
186,950,1,7,Otro,3610809,05 Morningstar Drive,105,Apartamento
187,421,3,1,Otro,9401392,7005 Harbort Street,77,Apartaestudio
188,109,1,9,Solo cama,7076836,6991 Heffernan Terrace,9,Habitación
189,776,2,2,Cama - Closet - escritorio,337718,9168 Eggendart Avenue,89,Apartamento
190,395,3,10,Cama - Closet,8557098,29 Sutteridge Alley,56,Apartaestudio
191,158,3,7,Solo cama,7580758,52 Oak Plaza,113,Apartaestudio
192,592,2,9,Otro,3120440,4 Crest Line Drive,75,Apartamento
193,431,1,4,Cama - Closet - escritorio,4679253,676 Haas Way,108,Casa
194,821,2,2,Otro,8276471,03206 Stone Corner Park,93,Habitación
195,946,4,10,Cama - Closet - escritorio,4062129,9 Crescent Oaks Avenue,77,Habitación
196,811,1,8,Otro,6350227,6 Lakewood Gardens Alley,51,Apartaestudio
197,736,3,5,No,3292804,2 Brown Way,83,Apartaestudio
198,91,4,5,Otro,5197506,21162 Kenwood Center,105,Apartamento
199,110,2,2,Cama - Closet - escritorio,4477601,865 Mallory Pass,43,Apartaestudio
200,317,3,4,Cama - Closet,9497307,28 Lukken Park,1,Habitación
201,533,2,5,No,4272386,161 Vidon Park,117,Casa
202,969,3,7,Cama - Closet,4916912,1932 Gulseth Crossing,98,Apartamento
203,229,1,3,Solo cama,8889127,01599 Crescent Oaks Parkway,85,Habitación
204,458,1,4,No,6481663,226 North Parkway,61,Casa
205,549,2,8,No,1180575,4189 Oakridge Trail,60,Apartaestudio
206,67,4,9,Solo cama,7573427,48 Westerfield Point,27,Apartamento
207,820,3,1,Cama - Closet - escritorio,8244273,75623 Schlimgen Terrace,108,Apartaestudio
208,514,1,6,Solo cama,6135903,9335 Westridge Place,34,Apartaestudio
209,417,2,5,Solo cama,9812213,5710 Vidon Street,45,Casa
210,183,2,5,Otro,9977642,9 Everett Place,105,Apartaestudio
211,759,2,2,No,6655744,1 Stang Way,64,Apartamento
212,780,4,6,No,362486,2407 Alpine Way,66,Apartaestudio
213,601,3,5,Solo cama,9779434,61276 Thompson Lane,58,Apartamento
214,611,2,6,Cama - Closet,6096169,166 Jenna Circle,12,Apartamento
215,405,2,10,No,168037,3 Union Parkway,89,Casa
216,619,4,7,Cama - Closet - escritorio,8966443,262 Schlimgen Street,77,Apartaestudio
217,248,2,7,No,8406033,21569 Magdeline Circle,88,Habitación
218,661,3,6,Cama - Closet - escritorio,7365103,53 Stuart Drive,76,Apartaestudio
219,540,4,6,Cama - Closet,9397847,7450 Prentice Junction,96,Habitación
220,220,1,3,Cama - Closet - escritorio,946847,6 Westport Park,108,Casa
221,410,2,6,Solo cama,500609,7254 Fieldstone Road,111,Habitación
222,311,4,5,Cama - Closet,9104417,9 Hoepker Drive,52,Casa
223,276,1,10,No,4784937,7 Maple Wood Plaza,78,Apartaestudio
224,613,1,8,Otro,3998053,2140 3rd Court,105,Casa
225,606,1,10,Cama - Closet - escritorio,5258528,6 Southridge Street,61,Casa
226,106,4,4,Solo cama,2631486,04 Duke Trail,24,Apartamento
227,342,1,7,Cama - Closet,6395358,0 Mayfield Drive,26,Apartamento
228,1,2,10,Cama - Closet - escritorio,8326199,5911 Sutherland Center,49,Habitación
229,173,3,3,No,3812847,50063 Dovetail Terrace,71,Apartamento
230,192,4,9,Otro,2735045,38666 8th Road,9,Apartamento
231,209,1,4,Otro,4846677,7 Continental Place,77,Apartaestudio
232,92,3,9,Cama - Closet,952525,768 Annamark Park,3,Casa
233,238,1,9,Cama - Closet,6592846,8 Ridge Oak Pass,11,Apartaestudio
234,195,2,7,Otro,6016954,18690 Del Sol Plaza,88,Habitación
235,628,2,6,Otro,6109486,2 Randy Center,41,Habitación
236,565,1,3,Otro,2086768,63401 Memorial Alley,36,Apartaestudio
237,552,2,10,Cama - Closet - escritorio,2756245,62 Lawn Junction,77,Apartaestudio
238,724,1,7,Otro,3128934,071 International Way,47,Apartamento
239,449,3,4,No,3991896,77 Valley Edge Point,43,Casa
240,946,4,6,No,7990641,53 Ruskin Way,75,Casa
241,458,3,3,Cama - Closet,7152156,357 Hayes Way,76,Apartaestudio
242,943,2,1,Solo cama,9503644,465 Northfield Junction,25,Apartaestudio
243,58,1,8,Cama - Closet - escritorio,9847493,69483 Weeping Birch Way,65,Apartaestudio
244,784,3,9,Otro,8951200,7 Hovde Lane,116,Apartamento
245,335,4,4,Cama - Closet - escritorio,4198500,1696 School Way,51,Apartamento
246,905,2,6,Cama - Closet - escritorio,1640459,345 Farmco Point,35,Apartamento
247,82,3,2,Otro,3382799,5 Lawn Parkway,96,Apartamento
248,741,1,6,Otro,4984130,698 Muir Hill,87,Apartamento
249,211,2,6,Otro,1897473,1 North Trail,71,Casa
250,233,3,1,Otro,2193688,83504 Mccormick Drive,59,Apartaestudio
251,295,2,6,Cama - Closet - escritorio,2514948,0 Golf View Circle,106,Casa
252,612,1,2,Solo cama,5893745,3 1st Plaza,91,Apartaestudio
253,701,1,8,No,5994424,7 Starling Alley,23,Habitación
254,536,3,9,Otro,1844903,130 Raven Road,105,Casa
255,192,3,7,No,9224515,7887 Pepper Wood Point,66,Habitación
256,952,2,6,No,9680463,2 Westridge Park,88,Apartamento
257,132,4,10,Solo cama,5448433,774 Valley Edge Avenue,69,Habitación
258,992,4,6,Otro,305416,2 Canary Parkway,107,Habitación
259,74,3,5,Solo cama,4500762,86670 Garrison Alley,112,Apartamento
260,455,4,3,Cama - Closet - escritorio,666925,1289 Caliangt Center,33,Habitación
261,855,1,3,Cama - Closet - escritorio,837741,0254 Atwood Lane,44,Casa
262,929,3,5,Cama - Closet - escritorio,9754021,483 Arkansas Pass,47,Apartamento
263,407,1,3,Solo cama,2622474,1531 Judy Avenue,76,Apartaestudio
264,419,1,7,Otro,8638668,5609 Ryan Crossing,117,Casa
265,409,4,5,No,6047019,394 Sundown Pass,88,Apartamento
266,114,3,1,Otro,8425964,58 Commercial Way,22,Habitación
267,380,1,10,No,4530733,6066 Hagan Plaza,80,Apartamento
268,239,2,5,Cama - Closet - escritorio,4367652,16 Packers Avenue,19,Habitación
269,984,2,4,Cama - Closet - escritorio,3983523,85884 Rowland Lane,42,Apartaestudio
270,823,3,2,Otro,8999519,3 Ramsey Point,102,Casa
271,901,3,1,No,868541,88967 Logan Terrace,86,Habitación
272,262,3,4,Otro,431270,25823 Loeprich Point,88,Casa
273,113,2,7,Solo cama,6659549,709 6th Plaza,117,Habitación
274,5,2,3,Cama - Closet - escritorio,9881159,2947 Center Point,29,Habitación
275,266,4,7,Cama - Closet - escritorio,3737949,2838 Meadow Vale Parkway,120,Habitación
276,753,1,4,Cama - Closet,8698090,45226 Basil Street,110,Habitación
277,54,4,6,Otro,858791,016 Kennedy Terrace,40,Habitación
278,193,1,5,No,5906707,114 Burrows Court,35,Apartamento
279,700,4,5,Cama - Closet,5654067,8 Ruskin Hill,28,Apartamento
280,610,2,8,Otro,2147415,2 Heffernan Park,97,Apartaestudio
281,147,2,4,No,6915876,1781 Kinsman Point,71,Apartamento
282,116,1,10,Cama - Closet,5750524,82614 Kim Circle,111,Habitación
283,275,1,6,No,6900376,6 Westend Plaza,33,Apartaestudio
284,509,4,6,Cama - Closet,2462396,4248 Sachtjen Road,55,Apartaestudio
285,748,2,3,Solo cama,1961937,47 Coleman Pass,69,Casa
286,433,2,5,Otro,2427501,5 Oak Valley Pass,87,Habitación
287,89,2,5,Cama - Closet,8643577,5 Quincy Lane,91,Habitación
288,765,1,3,Cama - Closet - escritorio,9904345,39377 Cambridge Pass,95,Apartaestudio
289,664,3,6,No,3547868,0 Lakewood Way,51,Apartamento
290,307,4,8,No,9639072,137 Myrtle Place,70,Habitación
291,393,1,2,Cama - Closet,4634187,4 Loeprich Center,118,Apartamento
292,374,1,5,Cama - Closet,357380,7691 Bluestem Avenue,61,Apartamento
293,909,1,4,Solo cama,8636255,50 Crescent Oaks Hill,36,Habitación
294,101,1,5,Solo cama,4110757,41761 Sherman Alley,65,Habitación
295,839,3,8,Solo cama,5228598,4 Tennessee Lane,53,Apartaestudio
296,380,3,1,Cama - Closet,724091,77170 Kropf Court,73,Casa
297,395,4,10,Cama - Closet,7322611,7835 Manitowish Parkway,93,Casa
298,687,2,8,Cama - Closet,3457109,658 Forest Point,5,Casa
299,929,1,9,Cama - Closet - escritorio,3536080,2 Claremont Court,81,Casa
300,460,1,1,No,2270228,0164 Mandrake Drive,80,Casa
301,868,1,7,Cama - Closet - escritorio,6206642,4 Badeau Drive,4,Apartaestudio
302,912,2,8,Cama - Closet - escritorio,7498006,65 Troy Road,103,Habitación
303,861,1,8,No,9507562,7433 Ridgeview Junction,72,Habitación
304,786,1,9,Cama - Closet - escritorio,2872694,77 Mayfield Way,43,Habitación
305,365,1,2,Otro,5356297,558 Havey Circle,88,Casa
306,221,4,6,No,3594991,8 Kipling Terrace,25,Habitación
307,194,2,8,Otro,9431966,213 Boyd Pass,46,Apartaestudio
308,588,2,10,Cama - Closet - escritorio,5212744,716 Ridgeview Plaza,97,Apartaestudio
309,276,1,9,Cama - Closet - escritorio,2544975,46 Logan Drive,23,Casa
310,437,1,6,Cama - Closet - escritorio,5524368,0 Erie Park,48,Apartamento
311,544,3,10,Cama - Closet - escritorio,3891144,990 Debs Junction,53,Apartaestudio
312,343,2,1,Cama - Closet - escritorio,2253562,909 Mockingbird Terrace,100,Habitación
313,96,1,4,Cama - Closet,6898676,26038 Hoard Center,3,Apartaestudio
314,441,4,8,Solo cama,1282568,73081 Anhalt Way,2,Habitación
315,996,1,3,No,3054247,44280 Hudson Crossing,81,Apartaestudio
316,695,3,8,No,7298969,96992 Holy Cross Lane,13,Apartaestudio
317,411,3,5,Cama - Closet - escritorio,1826380,8679 Dottie Trail,94,Habitación
318,802,1,5,Solo cama,6822289,5386 Almo Hill,120,Apartamento
319,759,2,4,Cama - Closet - escritorio,9800569,5 Dennis Crossing,65,Apartaestudio
320,109,3,7,Cama - Closet,3542348,880 Acker Terrace,55,Habitación
321,662,2,1,Cama - Closet,2957367,8 John Wall Road,98,Casa
322,737,4,9,Solo cama,7928665,432 Ryan Junction,1,Casa
323,493,3,8,Solo cama,1688920,7 Anhalt Court,91,Apartaestudio
324,834,1,8,Otro,3777037,5857 Pawling Terrace,78,Apartaestudio
325,783,2,2,Cama - Closet,2396653,27 Knutson Alley,96,Casa
326,713,3,3,Cama - Closet,2020287,15211 Waywood Junction,8,Casa
327,46,2,9,Otro,6319810,988 Ilene Center,43,Apartamento
328,128,4,8,Cama - Closet,7641569,585 Arrowood Terrace,75,Habitación
329,469,1,3,No,946018,48824 Washington Circle,90,Casa
330,990,3,2,Solo cama,8621922,3017 Holmberg Avenue,113,Apartamento
331,472,4,1,Cama - Closet - escritorio,2518289,63 Dovetail Alley,71,Habitación
332,690,2,5,Cama - Closet,3876009,612 Vera Avenue,34,Apartaestudio
333,611,1,6,No,536205,3 Northport Pass,57,Casa
334,446,1,3,Otro,520221,0539 Sommers Terrace,77,Habitación
335,913,2,5,Cama - Closet - escritorio,8527407,8 Loomis Crossing,38,Apartaestudio
336,776,1,1,No,801432,410 Sundown Avenue,1,Apartaestudio
337,769,4,6,Solo cama,6135250,6973 Grim Drive,74,Apartamento
338,983,4,8,Cama - Closet,1684223,26 Russell Center,15,Apartaestudio
339,452,4,8,Solo cama,8044299,1 Holy Cross Drive,20,Apartaestudio
340,782,2,4,Otro,7911920,38 Ramsey Court,51,Apartaestudio
341,633,3,10,Cama - Closet,7843914,35 Mallard Avenue,116,Apartaestudio
342,475,3,4,Cama - Closet - escritorio,4663427,706 Bonner Trail,83,Apartaestudio
343,618,4,2,Otro,5563068,20 Schiller Trail,91,Apartaestudio
344,794,3,5,Otro,1557183,10462 Mcbride Parkway,2,Apartamento
345,541,1,8,Cama - Closet,4657628,6 Brickson Park Point,98,Habitación
346,482,2,7,Cama - Closet,3458863,26 Corscot Pass,69,Casa
347,154,2,1,No,9609744,39874 Muir Junction,98,Apartaestudio
348,640,3,7,Cama - Closet,3360507,478 Bellgrove Hill,24,Apartaestudio
349,276,2,8,Cama - Closet,4462910,577 Maywood Hill,33,Habitación
350,824,2,4,Otro,9765653,223 Fallview Point,22,Habitación
351,15,1,9,Cama - Closet - escritorio,3114049,5949 North Trail,84,Apartamento
352,399,2,8,Cama - Closet,9278679,52433 Amoth Road,61,Apartaestudio
353,149,2,10,No,2556826,8560 Transport Circle,9,Apartamento
354,712,4,7,Cama - Closet - escritorio,5702596,0 Spohn Avenue,78,Apartamento
355,142,3,6,Cama - Closet - escritorio,4519033,65101 Orin Plaza,58,Casa
356,814,4,10,Cama - Closet - escritorio,908358,23 Sachtjen Center,108,Habitación
357,467,1,9,Cama - Closet - escritorio,617367,679 Banding Trail,23,Apartamento
358,254,2,6,Cama - Closet,6629239,4 Dixon Alley,16,Apartaestudio
359,284,3,8,Otro,7008553,8 Packers Point,32,Apartamento
360,91,1,10,Solo cama,4531822,77 Fieldstone Road,90,Casa
361,21,2,2,Cama - Closet,7434544,811 Twin Pines Point,76,Casa
362,571,1,9,Cama - Closet - escritorio,5096306,42337 Crowley Road,90,Apartamento
363,550,4,3,Cama - Closet - escritorio,5503870,66 Mallard Hill,10,Apartamento
364,412,1,4,Cama - Closet - escritorio,8688679,20 Valley Edge Hill,64,Habitación
365,930,2,10,Otro,7303027,68 Grasskamp Lane,49,Apartaestudio
366,241,4,6,Cama - Closet,3100091,4 Bluejay Lane,51,Apartamento
367,773,4,1,Cama - Closet - escritorio,2721338,20 Warner Parkway,113,Casa
368,811,4,4,No,7798081,2224 North Court,79,Apartaestudio
369,794,1,3,No,6792981,6345 Quincy Center,68,Apartamento
370,971,2,8,Cama - Closet - escritorio,3230008,22984 Monument Parkway,50,Apartaestudio
371,330,4,10,Cama - Closet,9883266,3 Montana Trail,68,Casa
372,658,3,10,Cama - Closet,8194075,0549 Cascade Circle,70,Habitación
373,460,1,7,Cama - Closet,4355165,826 4th Court,66,Apartamento
374,603,1,5,Otro,6860133,92831 Mayfield Lane,109,Apartamento
375,109,4,10,No,2713244,3 Larry Terrace,78,Apartamento
376,145,2,6,No,7041462,5 Sauthoff Circle,29,Habitación
377,662,1,5,No,3243314,8481 Sherman Trail,18,Apartaestudio
378,994,1,10,No,1274162,6810 New Castle Hill,103,Apartamento
379,142,3,7,Otro,9063756,352 Granby Park,9,Habitación
380,78,1,7,No,4112792,04610 Westport Street,25,Habitación
381,679,3,4,Otro,1498059,72360 Burning Wood Court,13,Apartaestudio
382,10,1,10,No,7154728,82 Graceland Center,115,Casa
383,340,3,4,No,9173277,103 Raven Terrace,70,Habitación
384,414,3,3,Solo cama,6842420,11 Browning Point,24,Casa
385,6,4,5,Cama - Closet - escritorio,7989496,315 Hoepker Avenue,74,Casa
386,152,1,1,Cama - Closet,1738697,8758 Washington Park,75,Habitación
387,270,1,5,No,2013869,603 Park Meadow Circle,28,Casa
388,264,3,1,Solo cama,3908845,9 Weeping Birch Terrace,5,Apartaestudio
389,957,2,8,Cama - Closet - escritorio,9722800,727 Transport Park,40,Habitación
390,127,2,7,Solo cama,3751598,07 Magdeline Point,12,Apartamento
391,388,1,1,Otro,2038628,58 Monica Parkway,78,Habitación
392,994,3,5,Cama - Closet - escritorio,6871816,7823 Portage Circle,42,Habitación
393,833,4,10,No,7642686,1 Pennsylvania Avenue,26,Casa
394,82,2,9,Otro,2545413,893 Center Junction,98,Apartaestudio
395,279,4,5,Cama - Closet,849811,46182 Springview Terrace,110,Habitación
396,676,2,6,Cama - Closet,7161595,0 Del Mar Trail,7,Apartamento
397,933,1,10,Otro,8116696,30 Debs Lane,8,Casa
398,867,1,8,Cama - Closet - escritorio,4844044,27228 Transport Park,72,Apartamento
399,170,3,1,Solo cama,2405933,72 Forest Run Alley,6,Habitación
400,212,4,2,No,7605673,60 Cordelia Street,39,Apartaestudio
401,892,3,3,Solo cama,1250591,63 Sycamore Way,73,Casa
402,941,1,1,Solo cama,675443,14 Cherokee Circle,8,Apartamento
403,882,2,10,Otro,3347743,487 Corry Point,3,Casa
404,123,1,10,Otro,9520025,4185 Derek Way,55,Casa
405,885,2,10,Cama - Closet,7790116,99 Garrison Terrace,112,Casa
406,710,1,5,Otro,3709653,603 Marquette Way,15,Habitación
407,893,3,3,Otro,1756900,904 Fairfield Pass,29,Apartamento
408,991,4,3,Solo cama,710948,2434 Schurz Park,59,Casa
409,449,1,9,Solo cama,1563936,76002 New Castle Crossing,41,Casa
410,971,3,8,Cama - Closet - escritorio,8285269,5735 Daystar Avenue,117,Apartaestudio
411,70,4,4,Solo cama,7847168,7 Everett Center,79,Habitación
412,767,3,10,No,7664100,5 Spenser Avenue,38,Casa
413,526,3,9,No,1507976,858 Badeau Place,12,Habitación
414,345,3,6,No,3353348,67 Southridge Road,105,Habitación
415,545,2,8,Cama - Closet,2357915,7069 Loeprich Junction,39,Casa
416,390,2,10,Solo cama,9217101,4279 Badeau Court,113,Habitación
417,734,1,9,Otro,2401756,99431 Waubesa Plaza,47,Apartamento
418,903,1,6,Cama - Closet,2946273,10011 Merrick Center,120,Habitación
419,636,2,9,Solo cama,8348338,58 Kenwood Alley,99,Casa
420,594,2,1,Solo cama,3246523,1542 Waubesa Center,43,Casa
421,467,3,4,No,6808488,24 Arapahoe Lane,36,Habitación
422,85,2,2,Cama - Closet,2297367,93 Johnson Hill,111,Apartaestudio
423,490,4,7,Otro,2282695,08277 Artisan Place,14,Casa
424,33,3,8,No,5046337,7 Prentice Plaza,88,Apartamento
425,96,4,3,Cama - Closet,4593414,3 Fairfield Center,110,Casa
426,270,3,1,No,4972199,6377 Ridgeview Alley,106,Casa
427,20,4,4,Cama - Closet - escritorio,8158387,2 Corry Way,92,Casa
428,693,3,1,Solo cama,2911326,0567 New Castle Plaza,103,Apartaestudio
429,355,2,9,Solo cama,5090966,12680 Tomscot Crossing,22,Habitación
430,505,4,8,Cama - Closet,3919796,5815 Cascade Drive,99,Casa
431,203,2,5,No,7082366,55899 Crownhardt Junction,108,Apartamento
432,327,3,1,Solo cama,2204371,7 Mendota Hill,117,Casa
433,59,4,10,Cama - Closet - escritorio,2375267,6243 Ronald Regan Avenue,33,Casa
434,589,3,8,Solo cama,2934575,311 Westend Avenue,49,Casa
435,623,2,10,Cama - Closet - escritorio,3693494,46 Russell Way,33,Casa
436,716,2,7,Cama - Closet - escritorio,1781938,4 Manley Place,2,Apartaestudio
437,379,3,8,Solo cama,598026,57 Gerald Hill,93,Habitación
438,819,1,2,Cama - Closet - escritorio,4758048,793 Maywood Pass,93,Apartamento
439,397,2,7,Cama - Closet - escritorio,5978731,01531 Coolidge Avenue,118,Apartamento
440,681,2,8,Cama - Closet,8156316,125 Brentwood Terrace,38,Casa
441,891,4,8,Cama - Closet,2536380,750 West Terrace,115,Habitación
442,904,4,2,Solo cama,8905711,16113 Towne Parkway,11,Habitación
443,457,2,2,Cama - Closet - escritorio,6860511,936 Clove Crossing,50,Apartaestudio
444,942,4,1,No,6862080,86592 Ryan Trail,97,Casa
445,536,1,7,No,3080060,379 Orin Avenue,44,Casa
446,936,4,4,Cama - Closet - escritorio,5887124,09594 Bayside Place,91,Apartaestudio
447,26,4,8,No,9698840,4731 Maryland Drive,23,Habitación
448,570,3,5,Otro,1564662,73225 Doe Crossing Junction,112,Apartamento
449,555,1,8,Cama - Closet - escritorio,1105337,484 Stephen Junction,85,Apartamento
450,222,4,5,Solo cama,6161195,630 Mcguire Trail,25,Habitación
451,1,4,9,Otro,5418491,969 Butternut Pass,88,Casa
452,378,2,7,No,8616260,5 Northridge Way,7,Apartaestudio
453,996,1,9,Cama - Closet,3140086,15 Hagan Plaza,42,Casa
454,150,3,9,No,2980833,0561 Memorial Place,27,Apartaestudio
455,503,3,6,No,317001,9182 Crownhardt Drive,28,Apartamento
456,247,1,8,Otro,3464049,43 Swallow Avenue,112,Apartamento
457,540,1,9,No,7144893,6 Porter Place,115,Habitación
458,228,2,10,Otro,4731945,650 Muir Trail,102,Casa
459,247,3,10,No,5593319,523 Harper Alley,81,Habitación
460,864,4,6,Solo cama,7951397,57 Independence Lane,75,Casa
461,590,2,7,Cama - Closet - escritorio,3143891,9109 Kensington Terrace,113,Habitación
462,268,4,10,Otro,8090413,67281 Shoshone Circle,61,Apartaestudio
463,597,3,7,Solo cama,4510756,98098 Doe Crossing Drive,12,Apartamento
464,678,4,5,Cama - Closet - escritorio,7279970,78 Walton Lane,66,Apartamento
465,777,3,6,No,6850706,97 Bonner Place,100,Apartaestudio
466,925,3,8,Otro,4210242,635 Armistice Alley,81,Apartamento
467,303,2,6,Solo cama,449688,603 Crownhardt Terrace,38,Apartamento
468,536,4,6,Cama - Closet,6029261,328 Caliangt Pass,54,Apartamento
469,171,2,7,Otro,8941143,5 Little Fleur Circle,77,Apartamento
470,6,1,4,Otro,5827536,887 Dottie Hill,77,Apartamento
471,540,3,5,Cama - Closet,4878966,36 Warbler Point,41,Apartaestudio
472,398,3,2,Solo cama,1691420,54540 Evergreen Point,35,Apartaestudio
473,244,1,8,Otro,7800197,801 Stone Corner Court,41,Apartaestudio
474,174,4,4,Cama - Closet - escritorio,3977057,88702 Westerfield Street,55,Apartamento
475,720,2,10,Cama - Closet,9774566,76 Del Sol Way,27,Apartaestudio
476,146,1,5,Otro,8345517,08 Ryan Plaza,31,Habitación
477,633,4,5,No,494985,805 Swallow Trail,34,Casa
478,115,2,4,No,4665282,5696 Ruskin Circle,32,Apartaestudio
479,257,4,10,Solo cama,8210488,7158 Jenna Parkway,80,Casa
480,270,1,10,Cama - Closet - escritorio,9735358,5797 Pennsylvania Street,75,Habitación
481,932,3,8,Cama - Closet,2243175,6 2nd Street,100,Casa
482,32,1,5,Cama - Closet,8588600,272 Division Hill,6,Apartaestudio
483,727,4,1,No,7833577,4 Lakeland Avenue,105,Apartaestudio
484,781,3,3,Cama - Closet,6016825,8704 Shoshone Circle,101,Casa
485,27,3,10,Otro,6106597,19904 Crowley Trail,47,Casa
486,589,2,3,Cama - Closet - escritorio,1172786,7 Welch Trail,97,Apartamento
487,864,1,9,No,9943188,030 La Follette Terrace,32,Apartaestudio
488,493,1,4,Cama - Closet,9194619,05 Carberry Court,111,Apartamento
489,662,4,9,No,726178,27 Longview Road,103,Apartamento
490,689,2,1,No,5358290,8992 Milwaukee Avenue,89,Casa
491,96,3,7,Otro,1675277,69164 Kingsford Plaza,43,Apartaestudio
492,973,3,9,Solo cama,5590599,9689 Stephen Circle,16,Apartamento
493,662,1,2,Cama - Closet,1318985,544 Westport Drive,36,Apartamento
494,647,4,5,Cama - Closet,5648851,661 Fordem Alley,50,Casa
495,812,1,2,No,7445494,848 Stephen Trail,108,Apartaestudio
496,994,4,9,Otro,6389439,366 Sutteridge Alley,6,Habitación
497,79,1,8,Solo cama,6427412,9633 Mccormick Trail,25,Apartaestudio
498,347,4,9,No,3922764,95 Vahlen Hill,63,Apartamento
499,378,2,5,No,1068858,6650 Bunting Place,114,Apartamento
500,397,2,3,No,6600426,4419 Meadow Valley Point,26,Apartamento
501,231,4,10,Solo cama,6053727,72 Coolidge Lane,77,Habitación
502,407,2,7,Cama - Closet,2883830,99 Carioca Plaza,98,Apartaestudio
503,514,4,5,Otro,2130373,63108 Arizona Court,115,Apartamento
504,425,2,9,Cama - Closet - escritorio,8625031,54159 Moulton Park,4,Apartamento
505,38,1,1,Cama - Closet,9851480,21 Butternut Parkway,49,Habitación
506,932,4,9,Cama - Closet - escritorio,4330104,183 Caliangt Way,108,Apartaestudio
507,711,4,10,Cama - Closet - escritorio,5554040,305 Blackbird Park,21,Apartaestudio
508,977,4,10,Solo cama,5049065,74 Victoria Plaza,110,Habitación
509,95,2,3,Cama - Closet - escritorio,1913731,54 New Castle Way,104,Casa
510,415,2,7,Solo cama,9761965,0492 Westend Street,21,Habitación
511,525,4,1,No,8535381,4502 Boyd Pass,50,Casa
512,397,2,6,Cama - Closet,7070297,468 Atwood Hill,35,Apartaestudio
513,668,4,8,No,6351225,0237 Stuart Point,10,Casa
514,160,1,8,Cama - Closet,7306558,880 Union Center,93,Apartaestudio
515,7,4,7,Cama - Closet - escritorio,3620014,64 Mockingbird Point,52,Apartamento
516,237,4,9,Otro,2347401,44387 Oneill Way,38,Apartaestudio
517,971,4,9,Solo cama,5816000,504 Tennessee Circle,87,Habitación
518,872,2,4,Cama - Closet - escritorio,3569914,49496 Tennessee Lane,80,Apartamento
519,473,4,7,Otro,6828326,7 Ruskin Alley,106,Habitación
520,970,4,6,Cama - Closet,4793198,000 Northport Court,58,Apartaestudio
521,826,4,8,Cama - Closet,1135914,451 Sheridan Road,9,Apartaestudio
522,311,1,2,Cama - Closet - escritorio,3462528,45 Commercial Place,44,Apartaestudio
523,508,3,7,No,2322442,31 Calypso Alley,96,Casa
524,634,3,9,Otro,2224999,74 Declaration Alley,62,Apartamento
525,918,2,2,Cama - Closet,9663324,176 Susan Trail,91,Apartaestudio
526,236,3,1,Cama - Closet,620322,32 Nelson Road,28,Casa
527,340,1,7,Otro,1197743,42999 Barnett Hill,40,Habitación
528,16,3,6,Solo cama,2356455,8640 Leroy Pass,24,Apartaestudio
529,639,1,10,Cama - Closet,1115050,0973 Lotheville Alley,79,Habitación
530,475,3,6,Cama - Closet,1705122,420 Summer Ridge Junction,82,Casa
531,156,1,6,No,823692,55726 Summit Junction,42,Apartamento
532,441,1,5,Otro,1890310,2 Laurel Road,111,Habitación
533,985,3,4,Cama - Closet,3954877,871 Prairieview Road,107,Casa
534,273,2,10,Cama - Closet,3156299,90 Riverside Point,25,Habitación
535,626,4,4,Cama - Closet,4799187,9 Crowley Road,76,Apartamento
536,758,4,3,Cama - Closet - escritorio,948410,4954 Prairie Rose Hill,89,Apartamento
537,473,3,4,Cama - Closet - escritorio,9711089,8 7th Way,14,Apartaestudio
538,781,1,8,Cama - Closet,3068532,8506 Ramsey Plaza,72,Apartamento
539,532,1,9,Cama - Closet - escritorio,4159551,44813 Village Green Drive,111,Casa
540,47,3,8,No,4019622,46 Nancy Street,72,Habitación
541,227,1,6,Cama - Closet,9543436,89 Manufacturers Park,4,Casa
542,953,1,1,No,2139634,4099 Kedzie Park,5,Apartaestudio
543,223,4,1,No,5774847,934 Cottonwood Road,53,Habitación
544,412,4,2,Otro,2121470,92 Thompson Avenue,44,Apartaestudio
545,317,3,2,No,2025535,2104 Ryan Place,7,Apartamento
546,263,3,3,Solo cama,8096884,57307 Del Sol Park,100,Habitación
547,401,1,1,Solo cama,1577546,6 Brown Circle,14,Casa
548,74,1,3,No,857966,33 Nobel Crossing,35,Habitación
549,580,2,9,Cama - Closet - escritorio,7505714,12509 Pennsylvania Trail,16,Habitación
550,293,4,10,Cama - Closet,779871,06449 Stoughton Center,113,Habitación
551,823,3,3,Otro,6542331,36 Crest Line Circle,43,Habitación
552,764,1,2,No,2225794,4407 Nova Hill,119,Casa
553,566,1,1,No,5719113,2947 Lakeland Road,30,Apartamento
554,520,4,9,Cama - Closet - escritorio,5437098,2 Lawn Point,42,Casa
555,685,2,6,No,4397292,20 Kinsman Pass,82,Habitación
556,965,3,10,Solo cama,8140462,9910 Pawling Parkway,56,Apartaestudio
557,907,4,10,Cama - Closet - escritorio,1442813,29138 Mandrake Street,7,Apartaestudio
558,931,4,8,Cama - Closet - escritorio,5680063,91625 Manitowish Trail,23,Casa
559,737,4,1,Solo cama,2921982,88 8th Junction,4,Habitación
560,998,3,6,No,6493646,66 Barby Park,47,Apartaestudio
561,577,1,9,Cama - Closet,9873393,1858 Springview Terrace,20,Casa
562,427,4,2,Otro,5082861,94 Maryland Point,53,Apartaestudio
563,690,3,1,No,4488883,6876 Bashford Road,71,Habitación
564,89,4,6,Otro,9797585,609 Vahlen Trail,58,Casa
565,157,2,10,No,133849,51 Lighthouse Bay Avenue,75,Habitación
566,783,3,3,Cama - Closet,5282263,7707 Pond Terrace,109,Casa
567,989,3,5,Otro,3209591,49534 Katie Hill,45,Apartamento
568,916,2,1,Cama - Closet - escritorio,6892224,75300 Acker Point,13,Apartamento
569,967,4,7,Cama - Closet - escritorio,2587259,6918 Union Hill,48,Apartamento
570,264,4,8,Solo cama,7337555,9 Charing Cross Lane,43,Habitación
571,590,1,9,No,6244506,17 Forest Run Point,95,Casa
572,567,3,4,Otro,9196478,6043 Stephen Court,56,Habitación
573,439,2,2,Solo cama,4165797,7874 Bashford Center,44,Apartaestudio
574,179,3,3,Cama - Closet,6302157,3 Kingsford Way,93,Casa
575,539,1,2,Otro,2276396,725 Mesta Place,107,Casa
576,841,4,2,Solo cama,4920662,94 Oak Hill,29,Apartamento
577,703,1,7,Cama - Closet,1153274,75163 Utah Circle,8,Apartaestudio
578,30,2,6,No,7388613,67758 Farmco Trail,85,Habitación
579,310,1,6,Cama - Closet,7126957,13376 Londonderry Plaza,3,Habitación
580,311,2,1,Cama - Closet - escritorio,8713200,04648 Express Terrace,54,Apartamento
581,687,3,1,Cama - Closet,4749086,8434 Anhalt Terrace,80,Apartamento
582,119,3,1,Otro,800190,2657 Delladonna Place,102,Casa
583,624,4,8,Otro,4455716,89 Springs Crossing,29,Apartamento
584,522,4,1,Otro,4023606,97 West Street,32,Habitación
585,687,4,9,Cama - Closet,4431809,70 8th Trail,60,Habitación
586,544,4,4,Cama - Closet - escritorio,2713797,0 Monument Center,41,Apartamento
587,62,2,1,Cama - Closet,8663447,403 Doe Crossing Parkway,69,Casa
588,33,2,3,Otro,2474877,62929 Forest Run Alley,65,Casa
589,119,3,9,No,2686411,3169 Bobwhite Road,110,Apartamento
590,826,4,1,Cama - Closet,7061029,794 Merrick Way,42,Habitación
591,306,4,4,No,3007772,3 Beilfuss Center,12,Casa
592,232,2,5,Otro,1072433,4 Buell Place,117,Habitación
593,696,3,4,Cama - Closet,1931836,1471 Carioca Place,107,Habitación
594,596,2,6,Cama - Closet,6248837,4 Independence Place,71,Apartamento
595,229,2,2,Solo cama,7491954,0740 Dunning Drive,72,Apartaestudio
596,652,1,10,No,980779,21005 Miller Lane,10,Apartaestudio
597,358,3,2,Otro,4730600,45328 Burning Wood Lane,13,Apartaestudio
598,961,1,8,Solo cama,982635,2963 Union Road,3,Apartamento
599,221,2,3,Otro,7480047,9 Gale Pass,4,Apartamento
600,443,1,2,Cama - Closet - escritorio,8183704,49 Dovetail Plaza,110,Habitación
601,523,1,1,No,5153595,23155 Elka Crossing,49,Habitación
602,565,3,7,Cama - Closet - escritorio,4550379,72232 Schurz Center,17,Casa
603,313,3,1,Solo cama,6861946,73886 Crescent Oaks Plaza,9,Habitación
604,409,1,2,Solo cama,6587607,1021 Upham Plaza,91,Habitación
605,250,3,3,Solo cama,8222520,9168 Maywood Park,43,Apartamento
606,548,3,5,Solo cama,3645427,228 Waxwing Court,34,Habitación
607,52,1,4,Otro,1227834,2964 Memorial Plaza,28,Casa
608,639,3,1,Cama - Closet,5256943,48 Eagle Crest Junction,63,Habitación
609,343,4,4,No,9206472,5 Drewry Parkway,80,Habitación
610,844,2,2,Otro,5164974,94034 Parkside Circle,42,Apartamento
611,522,4,3,No,6850786,0830 Charing Cross Avenue,93,Habitación
612,680,4,4,Cama - Closet,4387214,3 Dahle Terrace,79,Apartaestudio
613,23,2,9,Solo cama,1504327,3 Jay Plaza,62,Casa
614,428,3,10,Cama - Closet - escritorio,1518599,39636 8th Street,39,Apartaestudio
615,446,1,6,Otro,7897080,76 Dexter Pass,103,Casa
616,367,1,8,Cama - Closet,8553892,30880 Del Sol Place,38,Apartaestudio
617,614,1,8,No,5138183,98974 Riverside Trail,42,Habitación
618,260,4,10,Solo cama,2699851,21141 Sutherland Street,120,Apartaestudio
619,820,2,8,Solo cama,4642656,231 Westport Pass,74,Habitación
620,587,2,1,Solo cama,5736180,9 Wayridge Road,92,Habitación
621,377,3,10,Cama - Closet,3323871,886 Rutledge Avenue,106,Habitación
622,95,2,1,Solo cama,4017125,914 Hallows Parkway,9,Apartamento
623,920,1,2,Otro,6956611,515 Namekagon Place,41,Habitación
624,33,2,2,Solo cama,2779833,9688 Maryland Court,13,Habitación
625,134,2,6,Cama - Closet,499007,318 Ronald Regan Park,15,Habitación
626,359,1,4,Otro,2906848,06278 Marquette Place,99,Apartamento
627,975,4,6,Cama - Closet,5926850,47 Gateway Pass,67,Apartamento
628,85,1,7,No,8066205,938 Kim Park,114,Casa
629,17,4,2,Otro,8913020,6 Artisan Hill,116,Apartamento
630,734,1,8,Cama - Closet - escritorio,1637473,6 West Center,15,Habitación
631,695,2,8,No,8545324,99 Butterfield Place,49,Apartamento
632,670,2,8,Solo cama,4508539,5770 Morning Court,108,Casa
633,243,4,7,Cama - Closet - escritorio,6683060,1527 Atwood Park,87,Apartaestudio
634,894,1,8,No,8260519,5 Kipling Trail,86,Apartamento
635,587,4,6,Cama - Closet - escritorio,7535535,78820 Elka Trail,14,Apartaestudio
636,745,2,5,Cama - Closet - escritorio,3274162,2 Rutledge Road,55,Habitación
637,513,1,3,Solo cama,7438414,99105 Brentwood Parkway,88,Habitación
638,681,3,3,No,2882768,74 Roxbury Alley,76,Casa
639,776,2,2,Cama - Closet - escritorio,7121829,91020 Magdeline Way,84,Habitación
640,343,4,1,No,2447728,84642 Ruskin Center,89,Apartamento
641,373,3,1,Cama - Closet - escritorio,8120294,1590 Commercial Junction,6,Apartamento
642,355,3,6,No,7935675,8881 Fieldstone Point,50,Apartaestudio
643,769,3,10,Otro,3654937,3 Sage Road,59,Apartamento
644,562,1,9,Otro,6117369,02 Lotheville Junction,80,Habitación
645,885,2,10,Cama - Closet - escritorio,8634022,73395 Hooker Crossing,65,Casa
646,516,4,4,Otro,3834099,25 Hermina Trail,7,Apartaestudio
647,735,1,6,No,7810508,22629 Acker Parkway,37,Casa
648,373,1,8,No,3920450,371 Mallard Point,32,Apartaestudio
649,502,1,10,Otro,3328742,6904 Brown Trail,32,Apartamento
650,609,1,4,Cama - Closet,7159387,18 Beilfuss Center,83,Apartamento
651,283,3,5,No,9013063,2 Porter Court,77,Apartamento
652,839,1,8,Solo cama,8680917,677 Butternut Junction,52,Habitación
653,556,1,7,Otro,121042,6 Bellgrove Plaza,66,Habitación
654,63,1,9,Cama - Closet - escritorio,8549802,5842 Lerdahl Terrace,22,Casa
655,163,1,2,No,7276762,592 Sloan Way,58,Apartaestudio
656,436,2,5,Cama - Closet,1665677,5 Pawling Crossing,113,Apartaestudio
657,124,1,10,Solo cama,3361782,5493 Evergreen Street,100,Apartaestudio
658,624,4,3,No,1079992,99239 Marquette Terrace,90,Apartaestudio
659,97,4,2,No,3734348,0310 Golf View Crossing,107,Apartaestudio
660,166,4,5,Cama - Closet,891604,25 Dryden Circle,85,Apartamento
661,328,3,3,Cama - Closet - escritorio,1206481,030 Grayhawk Circle,58,Habitación
662,303,4,6,Solo cama,5361555,67873 Beilfuss Trail,15,Casa
663,874,3,5,Solo cama,6206781,2 Mallory Center,20,Apartamento
664,823,1,6,No,7609373,83 Toban Way,83,Apartamento
665,974,1,4,Cama - Closet - escritorio,8961801,224 Basil Crossing,6,Apartamento
666,910,2,5,Solo cama,6659247,930 Emmet Park,106,Apartaestudio
667,143,3,10,Otro,1582067,87460 Reinke Trail,65,Apartamento
668,315,1,10,Solo cama,2977232,55159 Linden Place,104,Apartaestudio
669,304,1,5,Cama - Closet - escritorio,5364846,0 Grover Parkway,77,Apartaestudio
670,987,3,6,Cama - Closet - escritorio,2766258,6143 Swallow Terrace,97,Apartaestudio
671,13,4,5,Cama - Closet - escritorio,3760642,5432 Bayside Junction,109,Apartaestudio
672,384,1,8,No,4152751,522 Paget Trail,53,Apartamento
673,734,4,6,Otro,4748398,6 Hanover Parkway,118,Habitación
674,165,2,2,Cama - Closet,1087505,9055 Village Parkway,68,Casa
675,722,1,6,Cama - Closet - escritorio,2723825,77 Weeping Birch Circle,70,Apartaestudio
676,767,2,3,Solo cama,5511410,372 Raven Pass,7,Apartaestudio
677,628,1,7,Cama - Closet,2352879,18 Monument Point,108,Apartamento
678,205,3,1,No,273454,0 Longview Point,94,Apartaestudio
679,59,4,3,Solo cama,2251638,37 Victoria Parkway,9,Casa
680,363,4,10,Cama - Closet,2892693,6430 Kipling Trail,102,Apartamento
681,813,2,6,Cama - Closet,532493,969 Bayside Pass,43,Apartamento
682,341,1,5,Solo cama,7945136,31042 Kensington Street,111,Habitación
683,370,2,10,Solo cama,2917730,80 Vernon Road,117,Apartaestudio
684,90,3,8,Cama - Closet - escritorio,1370641,5 Lawn Circle,46,Casa
685,731,3,5,Otro,3942418,99 Di Loreto Alley,26,Casa
686,636,4,4,Solo cama,9690934,8569 Bluejay Point,37,Casa
687,215,2,4,Cama - Closet,724439,86262 Mosinee Plaza,2,Apartaestudio
688,323,1,9,Solo cama,9645316,03 Melrose Avenue,35,Habitación
689,503,1,6,Cama - Closet,9381797,3933 Mccormick Street,113,Casa
690,254,1,5,Solo cama,6070610,9387 Raven Avenue,68,Apartamento
691,291,4,5,Otro,6689010,6903 Mesta Junction,98,Apartamento
692,264,2,4,Solo cama,1791299,003 Holmberg Road,25,Casa
693,340,2,7,Solo cama,7888113,903 Columbus Plaza,5,Casa
694,667,1,2,Solo cama,7568426,986 Scofield Parkway,102,Apartaestudio
695,695,2,7,Cama - Closet - escritorio,564431,5138 Rowland Point,31,Casa
696,848,1,3,Solo cama,3007634,152 Sloan Plaza,81,Habitación
697,750,4,10,Cama - Closet,6707639,5 Larry Park,73,Habitación
698,314,4,4,Solo cama,5735353,8986 Corscot Lane,94,Casa
699,588,3,6,Cama - Closet - escritorio,1879497,62 Havey Pass,70,Habitación
700,909,2,1,Cama - Closet,4320633,09 Quincy Place,29,Habitación
701,176,3,8,Otro,2082601,37 Green Ridge Avenue,118,Habitación
702,422,2,8,Solo cama,4041477,67057 Derek Lane,99,Habitación
703,349,3,6,Otro,4602621,44 Dovetail Parkway,15,Apartamento
704,943,2,10,Solo cama,3349304,3503 Kinsman Crossing,61,Apartaestudio
705,163,3,8,No,953035,47 Mccormick Road,93,Apartaestudio
706,377,1,3,No,5802760,3928 Bartillon Place,117,Habitación
707,172,1,5,No,2097835,003 Debra Parkway,117,Apartaestudio
708,129,4,2,Otro,5659805,844 Melody Court,30,Casa
709,534,1,6,Otro,7296729,08 Towne Alley,61,Habitación
710,638,1,5,No,2594727,4 Manitowish Place,86,Apartaestudio
711,121,1,6,Solo cama,7606332,74 Gale Hill,27,Apartamento
712,100,3,2,Cama - Closet,8165834,081 Grim Road,83,Habitación
713,826,2,4,Solo cama,665865,7 Sutteridge Alley,11,Casa
714,840,2,9,No,7771221,7570 South Pass,2,Apartamento
715,649,1,7,Otro,158253,349 Coleman Pass,85,Habitación
716,25,3,9,No,6713506,1720 Del Mar Court,66,Apartaestudio
717,553,4,8,Cama - Closet - escritorio,6104956,69168 Bultman Terrace,49,Habitación
718,729,4,10,Cama - Closet,6750025,37104 7th Avenue,40,Apartaestudio
719,186,4,4,Cama - Closet - escritorio,4120565,3 Springview Terrace,59,Habitación
720,708,3,4,No,5238306,95 Shoshone Road,55,Habitación
721,458,1,2,Cama - Closet,7422272,88 Eastlawn Pass,23,Apartamento
722,447,3,8,No,4494007,67005 Cody Point,80,Habitación
723,711,2,4,Solo cama,8378315,555 Lakewood Gardens Junction,102,Apartamento
724,875,3,3,Solo cama,6157529,742 2nd Trail,44,Apartaestudio
725,865,2,4,Cama - Closet,6359192,4288 Bonner Place,83,Apartaestudio
726,99,1,10,Otro,8236236,4 Columbus Road,57,Apartamento
727,581,2,1,No,8848978,81057 Huxley Hill,19,Apartaestudio
728,2,2,9,No,3665369,0196 Parkside Avenue,97,Apartamento
729,489,2,6,Solo cama,4986374,7348 Gerald Alley,22,Apartaestudio
730,920,1,9,Cama - Closet,7572432,6 Elgar Trail,6,Casa
731,656,2,5,Cama - Closet - escritorio,9595857,8 Charing Cross Alley,11,Casa
732,945,2,8,Cama - Closet - escritorio,3810291,9967 Cody Circle,42,Apartamento
733,603,3,4,Cama - Closet,3827948,3554 Mayer Avenue,94,Habitación
734,368,3,4,Solo cama,3625584,5624 Darwin Crossing,10,Habitación
735,713,1,5,Cama - Closet - escritorio,5888841,11330 Packers Avenue,66,Apartamento
736,352,1,3,No,1186722,9476 Mifflin Plaza,30,Habitación
737,145,3,5,Otro,4471623,9361 Scofield Park,55,Habitación
738,872,1,5,Cama - Closet,9050554,284 Maple Lane,72,Casa
739,173,1,1,Cama - Closet - escritorio,9074091,091 Prairie Rose Terrace,32,Apartaestudio
740,544,2,9,Solo cama,6329610,917 Lighthouse Bay Drive,90,Habitación
741,463,1,8,Solo cama,5381742,5 Oakridge Parkway,24,Apartaestudio
742,885,1,9,No,3071571,80 Gateway Street,119,Habitación
743,854,2,8,Otro,1995932,186 Claremont Plaza,49,Habitación
744,456,2,3,Cama - Closet - escritorio,4099077,81767 Buena Vista Junction,118,Apartaestudio
745,571,4,2,Otro,8385258,2 Pennsylvania Avenue,22,Casa
746,207,1,4,Cama - Closet - escritorio,2848228,3639 Donald Park,92,Apartaestudio
747,655,2,1,No,438886,03 Morning Drive,94,Apartaestudio
748,272,1,3,Otro,6069165,6 Anhalt Terrace,92,Habitación
749,179,1,10,Cama - Closet - escritorio,4173684,47738 Springs Street,90,Habitación
750,724,1,4,No,8132612,67307 Longview Trail,64,Apartamento
751,614,3,10,Cama - Closet,8262252,0 Lakewood Circle,9,Casa
752,926,1,5,Otro,2141606,2 Hauk Park,39,Apartamento
753,296,4,1,Cama - Closet,7941468,27 Petterle Trail,59,Casa
754,935,2,7,Solo cama,4402375,4433 Main Junction,65,Habitación
755,424,1,1,No,9927506,14 Monterey Way,3,Apartaestudio
756,252,4,1,Otro,2383891,82 Blackbird Terrace,81,Casa
757,772,4,2,No,6544841,3 Twin Pines Drive,25,Apartaestudio
758,622,4,1,Solo cama,1538004,05 Jackson Park,33,Apartamento
759,506,2,6,No,2313920,88 Clemons Way,58,Casa
760,91,2,5,Cama - Closet,9170722,6184 Sloan Road,9,Casa
761,127,4,8,Cama - Closet,5530246,756 Truax Drive,33,Habitación
762,137,4,4,Otro,9733467,667 Duke Parkway,52,Habitación
763,980,4,2,Cama - Closet - escritorio,7304759,64419 Brentwood Way,1,Apartaestudio
764,821,1,6,Solo cama,568159,44 Autumn Leaf Place,54,Apartamento
765,973,4,9,Solo cama,6625250,64244 Erie Way,42,Apartaestudio
766,709,2,4,No,8417990,32695 Redwing Junction,60,Apartaestudio
767,544,4,2,Cama - Closet,5331919,8899 Warner Avenue,100,Casa
768,281,1,10,Otro,3389616,1 Logan Way,76,Apartaestudio
769,740,2,8,Cama - Closet,5846176,1 Linden Park,9,Apartamento
770,333,4,5,Solo cama,3883889,9991 Dwight Plaza,82,Casa
771,376,3,3,Otro,688669,80 Jenna Park,61,Habitación
772,728,4,5,Solo cama,9425666,00 Darwin Alley,28,Habitación
773,119,3,7,Cama - Closet,9991049,34 Pleasure Lane,62,Casa
774,393,1,5,Solo cama,5516094,244 Transport Hill,28,Habitación
775,982,1,5,Solo cama,2641829,23315 Quincy Avenue,20,Apartaestudio
776,226,3,2,Cama - Closet - escritorio,5163644,95107 Victoria Trail,8,Apartamento
777,632,1,6,Solo cama,4382475,3 Melvin Circle,19,Apartaestudio
778,839,1,7,Solo cama,3127949,153 Manitowish Plaza,57,Apartamento
779,336,4,1,No,8770553,14 Pepper Wood Point,58,Apartaestudio
780,161,2,5,Otro,6127617,94403 Rutledge Alley,43,Casa
781,629,4,8,No,2978342,925 Norway Maple Park,106,Habitación
782,672,3,1,Cama - Closet - escritorio,3370917,49202 Erie Lane,104,Apartaestudio
783,676,2,6,Cama - Closet,9829469,00528 Tennyson Place,11,Apartaestudio
784,316,2,7,Solo cama,6689152,4 Oak Valley Center,77,Casa
785,228,1,9,Solo cama,1608910,34532 Grayhawk Alley,65,Apartamento
786,9,2,1,Otro,3530055,57 Buhler Hill,78,Casa
787,384,3,2,Cama - Closet,2386385,877 Bultman Road,92,Casa
788,650,2,7,Cama - Closet - escritorio,8487393,2571 Westridge Pass,63,Casa
789,239,2,6,Solo cama,684570,0 Loeprich Plaza,118,Apartaestudio
790,682,3,1,Cama - Closet - escritorio,1822080,8 Duke Point,89,Habitación
791,601,3,9,Solo cama,3319824,85 Fulton Way,17,Casa
792,521,4,7,Otro,1021229,6 Anhalt Junction,42,Apartaestudio
793,709,1,7,Solo cama,8923370,946 Lakeland Pass,92,Casa
794,629,1,5,Cama - Closet,8402429,681 La Follette Alley,40,Apartaestudio
795,87,3,3,No,2966757,0 Mccormick Road,73,Apartamento
796,53,3,3,Cama - Closet - escritorio,3242125,106 Superior Center,75,Habitación
797,7,2,4,No,3418888,24603 Independence Way,36,Apartamento
798,250,1,1,Cama - Closet,9946504,381 Esker Street,63,Apartaestudio
799,963,2,10,Cama - Closet,8179381,8 Vermont Trail,115,Apartamento
800,478,1,6,Cama - Closet,6860740,471 Brentwood Crossing,118,Habitación
801,431,2,9,Cama - Closet,7506414,83163 Grayhawk Pass,15,Habitación
802,162,3,2,Otro,1865154,85044 Blue Bill Park Plaza,69,Habitación
803,760,1,3,Otro,9599297,88294 Corben Way,99,Casa
804,797,1,9,Otro,6792656,0 Oriole Street,56,Habitación
805,36,4,5,No,4243521,09261 Veith Avenue,87,Apartamento
806,127,3,5,Solo cama,1176609,75622 Buell Road,106,Apartamento
807,300,2,9,Solo cama,7284945,8978 Granby Hill,94,Casa
808,210,4,6,Otro,7948096,00008 Talmadge Center,102,Apartamento
809,619,2,9,No,709006,5286 Golf View Alley,65,Apartamento
810,712,1,1,Cama - Closet,9371602,47 Fuller Lane,62,Apartaestudio
811,495,4,3,No,6284127,97419 Sheridan Center,63,Casa
812,731,1,2,Cama - Closet - escritorio,8747127,9 Transport Drive,5,Apartamento
813,442,3,5,Solo cama,3768495,831 Straubel Street,86,Apartamento
814,615,2,6,No,8340195,97 Dawn Trail,114,Habitación
815,328,2,9,Cama - Closet,1820067,0557 Evergreen Court,94,Apartamento
816,695,1,10,Cama - Closet - escritorio,6921785,55 Lawn Place,3,Habitación
817,381,3,4,Solo cama,8175231,18 School Hill,112,Habitación
818,724,1,6,Otro,7398831,60213 Fisk Park,99,Apartamento
819,254,2,3,Cama - Closet - escritorio,8027334,762 Lotheville Trail,59,Apartamento
820,127,4,8,Cama - Closet - escritorio,7053521,953 Hanover Point,20,Habitación
821,873,3,9,Otro,5681559,985 Barby Street,113,Casa
822,18,2,6,Cama - Closet,7688201,04461 Veith Trail,41,Apartaestudio
823,898,1,7,No,9409201,2 Glendale Circle,56,Apartamento
824,2,1,9,Otro,2515230,9901 Dixon Avenue,10,Apartamento
825,204,4,6,Solo cama,9063256,09829 2nd Avenue,76,Apartamento
826,957,3,1,Cama - Closet,3453021,9 Ludington Pass,59,Casa
827,811,4,8,Solo cama,2558768,42781 Reindahl Pass,61,Casa
828,659,4,6,Solo cama,4742104,0416 Anhalt Hill,63,Habitación
829,468,2,7,Otro,8033167,03 Graedel Hill,5,Apartamento
830,993,1,6,Solo cama,348683,712 Farmco Terrace,107,Apartaestudio
831,573,3,2,No,9841398,70 Chinook Plaza,49,Apartamento
832,914,4,3,Otro,4354293,99 Hoepker Terrace,20,Apartamento
833,677,3,4,No,7074128,70171 Eastwood Lane,64,Apartamento
834,619,2,9,Solo cama,9998130,13706 Russell Parkway,4,Apartaestudio
835,36,1,3,Cama - Closet - escritorio,4898762,31248 Lakewood Gardens Drive,77,Habitación
836,112,2,8,No,5393289,794 Dovetail Way,52,Casa
837,450,1,3,Solo cama,1776206,4890 Randy Hill,20,Habitación
838,601,1,3,Solo cama,1263256,70348 Mccormick Crossing,53,Casa
839,106,4,6,Solo cama,3092994,41550 Lillian Drive,82,Habitación
840,151,3,5,Otro,3483007,97594 Blackbird Way,23,Habitación
841,750,4,7,No,3975669,4 Pierstorff Crossing,52,Casa
842,25,1,10,Otro,7346019,20 Larry Circle,27,Apartaestudio
843,189,3,1,No,9489495,229 Vernon Drive,77,Apartaestudio
844,476,1,10,No,3579087,912 Erie Plaza,55,Apartamento
845,504,2,2,Otro,8298839,9216 Messerschmidt Alley,110,Casa
846,908,3,5,No,5689191,37055 Vernon Lane,23,Apartamento
847,266,1,9,No,3591336,9050 Continental Drive,19,Habitación
848,832,2,6,Solo cama,5824275,32 Summer Ridge Circle,10,Apartamento
849,47,3,5,Cama - Closet - escritorio,7895173,7876 Buena Vista Way,57,Apartaestudio
850,514,2,2,Solo cama,1076586,5 Crest Line Street,37,Apartamento
851,685,2,7,No,5250864,3532 Bunker Hill Place,47,Habitación
852,16,3,6,Solo cama,2136095,003 Waywood Parkway,120,Habitación
853,349,2,6,Cama - Closet,2056227,240 Transport Center,89,Casa
854,883,3,10,Otro,7262240,12 Delladonna Circle,109,Habitación
855,976,4,10,Otro,5741336,40 Gateway Junction,19,Apartamento
856,128,2,8,Cama - Closet - escritorio,5743806,320 Carpenter Street,15,Apartaestudio
857,193,2,2,Cama - Closet - escritorio,7497186,15 Mendota Center,65,Habitación
858,856,2,2,Cama - Closet - escritorio,2559191,666 Glendale Hill,83,Apartaestudio
859,610,2,3,No,2063374,3351 Forest Dale Terrace,39,Habitación
860,572,1,7,Cama - Closet,9709698,53 Thompson Circle,61,Casa
861,213,3,1,Cama - Closet,4023617,9159 New Castle Alley,50,Apartaestudio
862,361,4,5,Cama - Closet,692791,504 Huxley Crossing,54,Apartaestudio
863,599,3,2,Cama - Closet,5645650,5019 Fair Oaks Court,85,Casa
864,977,2,1,Cama - Closet - escritorio,424127,3582 Eggendart Street,110,Apartamento
865,107,1,8,Cama - Closet,9775233,20 Debs Drive,61,Habitación
866,328,2,1,No,5576139,2 2nd Junction,49,Apartaestudio
867,146,2,2,Cama - Closet,9219978,7184 Golf View Terrace,50,Casa
868,502,2,9,Solo cama,698587,1651 Kennedy Park,113,Casa
869,107,3,7,Cama - Closet - escritorio,6072396,637 Dayton Parkway,83,Casa
870,659,3,8,Otro,6169892,4 Susan Pass,43,Casa
871,13,2,7,Solo cama,1374380,34 Anniversary Junction,69,Apartamento
872,175,3,8,Cama - Closet - escritorio,5290955,5041 Anniversary Pass,112,Habitación
873,751,4,4,Solo cama,7634859,9 Rusk Alley,26,Apartamento
874,843,2,7,Otro,7464384,5926 Pine View Avenue,18,Apartaestudio
875,626,2,2,Cama - Closet - escritorio,6819158,420 Ridge Oak Court,60,Apartaestudio
876,720,3,5,Otro,6791116,11 Grover Point,24,Apartamento
877,902,1,2,Otro,6499468,13 Dottie Road,91,Apartamento
878,720,1,4,No,2276078,7334 Hoepker Crossing,19,Apartamento
879,934,4,2,Solo cama,9494507,091 Mesta Circle,99,Apartaestudio
880,648,1,2,No,6568742,2 Sachtjen Trail,46,Habitación
881,712,1,10,Otro,2010756,7 Monterey Point,32,Casa
882,100,1,8,Cama - Closet - escritorio,9121125,58069 Ruskin Place,20,Apartamento
883,755,3,9,Otro,1203434,91 American Ash Center,94,Habitación
884,299,3,1,Otro,6380253,825 Judy Street,29,Habitación
885,434,2,9,Cama - Closet,8770789,98 Monica Pass,120,Apartaestudio
886,780,1,7,Otro,7187878,9548 Hudson Place,11,Habitación
887,41,2,3,Cama - Closet - escritorio,1544990,8 Tony Terrace,77,Habitación
888,542,1,4,No,3081254,4 Ridgeview Pass,115,Apartamento
889,658,2,10,Solo cama,4186928,198 Atwood Junction,4,Apartaestudio
890,18,3,9,Cama - Closet - escritorio,4188154,54909 Trailsway Place,79,Apartamento
891,825,2,9,Cama - Closet,4456152,8464 Lakewood Hill,67,Casa
892,451,1,4,Cama - Closet,541919,68 6th Trail,1,Apartaestudio
893,142,3,9,No,2096266,952 Farwell Place,109,Apartamento
894,332,3,7,Otro,831308,265 Larry Road,20,Apartamento
895,736,3,9,No,1707653,19 Hanson Terrace,55,Apartamento
896,914,3,2,Otro,8105776,8 Hoard Alley,74,Habitación
897,180,3,9,Otro,2834655,725 Bowman Pass,18,Apartaestudio
898,940,4,10,Otro,2226492,13604 Corben Lane,94,Apartamento
899,340,4,1,Cama - Closet - escritorio,4354374,14627 Michigan Terrace,25,Apartamento
900,28,2,3,Solo cama,9244130,8 Talmadge Parkway,47,Apartamento
901,859,1,1,Solo cama,484612,5766 Coleman Terrace,87,Casa
902,739,1,1,Otro,4673149,1056 Dawn Pass,29,Casa
903,190,2,9,Solo cama,9298079,1 American Hill,50,Apartaestudio
904,213,1,6,Cama - Closet - escritorio,2951383,14013 Susan Pass,85,Apartaestudio
905,304,1,1,Cama - Closet,1124655,3834 Norway Maple Circle,24,Apartaestudio
906,473,3,5,Cama - Closet - escritorio,323297,0009 Petterle Terrace,96,Apartamento
907,103,2,5,Cama - Closet,7300667,631 Anzinger Junction,91,Habitación
908,118,2,4,Solo cama,1916364,8 Bunker Hill Plaza,9,Apartamento
909,937,1,1,No,5919528,0249 Sunbrook Hill,109,Casa
910,100,2,6,Solo cama,3964289,8 Farwell Lane,14,Apartaestudio
911,647,4,2,Otro,8185317,455 Chive Court,24,Apartamento
912,229,1,7,Solo cama,8418942,432 Northridge Crossing,73,Apartamento
913,243,1,8,Otro,6804568,5619 Talisman Circle,107,Apartamento
914,996,4,7,Otro,1873947,4882 Merrick Trail,61,Casa
915,469,3,2,Otro,6472296,7404 Sugar Road,35,Apartaestudio
916,218,2,9,No,8451309,4868 Welch Parkway,53,Apartamento
917,325,1,5,Otro,849427,71400 Reinke Way,47,Apartaestudio
918,312,3,10,Otro,3725660,02 Algoma Plaza,37,Casa
919,177,1,6,Cama - Closet - escritorio,8081995,33074 West Lane,3,Apartaestudio
920,713,2,3,Solo cama,7677081,8062 Aberg Trail,89,Casa
921,572,3,7,Otro,537188,3 Bunting Lane,87,Apartamento
922,769,2,9,Solo cama,3974506,8870 Little Fleur Pass,76,Apartaestudio
923,680,3,2,No,7182053,091 Killdeer Trail,22,Apartamento
924,792,4,4,No,7452080,136 Jenna Place,66,Casa
925,139,1,3,Otro,1186511,550 Golf View Center,61,Apartamento
926,480,1,9,No,4313452,85 Carioca Circle,7,Apartamento
927,611,1,3,Otro,4137397,4765 Old Shore Point,3,Apartamento
928,680,4,9,Cama - Closet,7999379,51 Larry Trail,106,Habitación
929,454,1,2,Cama - Closet - escritorio,3959013,05 Butterfield Street,10,Casa
930,776,3,5,No,287365,6 Schurz Center,109,Apartaestudio
931,420,4,5,Cama - Closet,2294170,3 Parkside Avenue,31,Apartaestudio
932,179,2,9,Cama - Closet,3156097,8103 Lakewood Gardens Park,114,Apartaestudio
933,307,1,5,Cama - Closet,5057058,4884 Sutteridge Crossing,64,Apartamento
934,577,2,4,Solo cama,9499855,82 Dunning Road,21,Apartamento
935,350,1,8,Cama - Closet - escritorio,5030056,861 Talisman Parkway,64,Apartaestudio
936,579,2,1,Cama - Closet - escritorio,5299481,2 Grover Place,43,Habitación
937,457,1,7,Solo cama,5030931,18332 Huxley Crossing,72,Habitación
938,607,3,5,Otro,1028435,886 Comanche Junction,43,Apartamento
939,420,3,7,Solo cama,8793137,150 Magdeline Pass,95,Habitación
940,918,4,10,Cama - Closet,1501625,962 La Follette Park,32,Habitación
941,635,2,9,Solo cama,4703711,3672 Bay Avenue,98,Apartaestudio
942,467,3,5,No,8227401,32805 Dayton Avenue,83,Apartamento
943,847,2,9,Cama - Closet,8298735,13827 Dovetail Center,36,Casa
944,137,4,6,Cama - Closet,1302549,9 Westend Road,48,Apartamento
945,737,3,5,No,2509764,47 Pawling Court,25,Apartamento
946,642,2,4,Cama - Closet,1908638,6 Dryden Park,63,Casa
947,729,4,5,Solo cama,5680001,237 Weeping Birch Crossing,81,Casa
948,255,2,7,No,1010269,06 Anniversary Center,76,Habitación
949,259,1,7,Cama - Closet - escritorio,6985187,105 Mcguire Circle,65,Habitación
950,674,4,4,No,7451027,027 Briar Crest Park,24,Habitación
951,731,2,5,Solo cama,7583664,09 Sullivan Plaza,49,Apartamento
952,804,3,4,Solo cama,8269054,03 Spohn Street,31,Apartamento
953,634,3,3,Cama - Closet - escritorio,9146951,82100 Sunnyside Place,75,Habitación
954,471,2,3,No,2747536,63216 Gateway Plaza,48,Apartaestudio
955,955,1,10,Otro,1779612,25 Johnson Park,37,Apartaestudio
956,564,1,8,Solo cama,431999,114 Eggendart Center,14,Apartamento
957,950,1,9,Solo cama,8075663,3463 Crowley Lane,40,Apartaestudio
958,759,1,9,Solo cama,8855256,546 Lakewood Crossing,27,Apartamento
959,344,3,8,Cama - Closet,7647271,62399 Delladonna Parkway,79,Apartaestudio
960,167,4,8,Cama - Closet - escritorio,1758379,39112 Prentice Court,84,Casa
961,412,1,4,Cama - Closet,574682,96601 Ilene Drive,3,Casa
962,471,1,3,Cama - Closet,2631761,055 Straubel Plaza,95,Habitación
963,456,3,2,Solo cama,7913498,67 Schlimgen Place,105,Casa
964,992,4,7,No,6895107,582 Iowa Street,22,Apartamento
965,652,2,4,Cama - Closet,8585583,5170 Division Crossing,89,Casa
966,954,1,10,Otro,1231394,486 Kinsman Alley,87,Apartaestudio
967,669,3,6,Cama - Closet,8717580,368 Melrose Court,67,Casa
968,87,3,6,Otro,1437483,0582 Dwight Lane,105,Habitación
969,233,4,4,Cama - Closet - escritorio,8971481,2 Riverside Road,42,Apartamento
970,500,2,9,Otro,2193022,1 Merchant Terrace,50,Habitación
971,337,1,1,No,7562453,4430 Haas Junction,58,Apartaestudio
972,662,3,6,Solo cama,6584978,5612 Rusk Road,96,Apartamento
973,210,2,2,Cama - Closet - escritorio,5743319,634 Duke Way,32,Casa
974,706,2,4,Cama - Closet,8892058,3897 Merrick Park,85,Apartaestudio
975,324,4,3,Solo cama,8878844,575 Main Lane,76,Habitación
976,358,1,2,Cama - Closet - escritorio,3145091,76 Cody Place,58,Casa
977,752,2,4,Otro,3140438,373 Arapahoe Drive,12,Habitación
978,871,4,9,No,775995,87419 Thackeray Junction,59,Apartamento
979,593,2,10,No,8639983,1015 Eagle Crest Pass,50,Casa
980,543,3,8,Cama - Closet - escritorio,1910095,075 Myrtle Drive,61,Apartamento
981,355,1,8,Cama - Closet - escritorio,2579188,8 Haas Crossing,19,Habitación
982,722,2,8,Cama - Closet - escritorio,4917793,953 School Street,48,Apartaestudio
983,315,1,10,Cama - Closet,5669182,7 Logan Avenue,22,Casa
984,817,1,7,Cama - Closet,2667589,06 Walton Junction,16,Casa
985,868,3,8,No,5865980,88217 Banding Road,90,Apartaestudio
986,507,1,6,Otro,5224089,5894 Everett Pass,107,Apartaestudio
987,379,1,8,Solo cama,968302,631 Bashford Place,45,Apartamento
988,274,3,5,No,7275483,8334 Del Sol Road,93,Habitación
989,110,1,6,Cama - Closet - escritorio,1896630,249 Fairview Center,67,Habitación
990,548,4,4,Cama - Closet,1996894,9 Melvin Street,2,Casa
991,614,4,7,Cama - Closet - escritorio,4969451,421 Cardinal Place,85,Habitación
992,114,2,2,Solo cama,2149653,45 Beilfuss Plaza,26,Habitación
993,153,4,2,No,2154408,730 Bayside Avenue,84,Casa
994,30,1,3,No,6174287,9413 Browning Park,2,Habitación
995,149,1,3,Cama - Closet - escritorio,1401388,4338 Hauk Trail,17,Habitación
996,65,3,8,Otro,4364666,21 Bashford Drive,11,Casa
997,463,4,5,No,557314,15747 Cherokee Place,113,Apartamento
998,399,3,10,No,9206211,744 Eliot Pass,65,Habitación
999,247,1,1,Cama - Closet,4766876,5033 Bunker Hill Place,6,Apartamento
1000,46,2,1,Solo cama,6997904,1 Hoepker Road,21,Apartaestudio
